Final_AUC,Final_Accuracy,Early_AUC,Early_Accuracy
0.9572303577167451,0.919,0.9263815062805734,0.8667
