Model,AUC,Accuracy,AUC_Gain
Full,0.8882095428674346,0.8988,0.0
Early,0.5183936446762967,0.8658,0.3698158981911379
